{"cameraMode":{"drawMode":0,"name":"Shaded","section":"Shading Mode"},"sceneLighting":true,"audioPlay":false,"sceneViewState":{"showFog":false,"showMaterialUpdate":false,"showSkybox":false,"showFlares":false,"showImageEffects":false,"showParticleSystems":false},"in2DMode":false,"pivot":{"x":1.0401986837387086,"y":-0.08174800872802735,"z":-0.5369753837585449},"rotation":{"x":0.13875503838062287,"y":-0.5799234509468079,"z":0.10104186087846756,"w":0.7963862419128418},"size":0.38697314262390139,"orthographic":false}