{"cameraMode":{"drawMode":0,"name":"Shaded","section":"Shading Mode"},"sceneLighting":true,"audioPlay":false,"sceneViewState":{"showFog":true,"showMaterialUpdate":true,"showSkybox":true,"showFlares":true,"showImageEffects":true,"showParticleSystems":true},"in2DMode":false,"pivot":{"x":-1.4908779859542847,"y":1.1730231046676636,"z":0.04142286628484726},"rotation":{"x":0.02599417231976986,"y":0.6912216544151306,"z":0.02489485591650009,"w":-0.7217490077018738},"size":1.5872355699539185,"orthographic":false}