{"cameraMode":{"drawMode":0,"name":"Shaded","section":"Shading Mode"},"sceneLighting":true,"audioPlay":false,"sceneViewState":{"showFog":false,"showMaterialUpdate":false,"showSkybox":false,"showFlares":false,"showImageEffects":false,"showParticleSystems":false},"in2DMode":false,"pivot":{"x":0.3181099593639374,"y":1.1688752174377442,"z":0.2881361246109009},"rotation":{"x":0.18658185005187989,"y":-0.8133540153503418,"z":0.3839068114757538,"w":0.39530396461486819},"size":1.451979160308838,"orthographic":false}