{"cameraMode":{"drawMode":0,"name":"Shaded","section":"Shading Mode"},"sceneLighting":true,"audioPlay":false,"sceneViewState":{"showFog":true,"showMaterialUpdate":true,"showSkybox":true,"showFlares":true,"showImageEffects":true,"showParticleSystems":true},"in2DMode":false,"pivot":{"x":-0.23482127487659455,"y":0.20343099534511567,"z":0.2977578639984131},"rotation":{"x":-0.009960757568478585,"y":0.4863087832927704,"z":-0.005544132087379694,"w":-0.8737133145332336},"size":0.8959751725196838,"orthographic":false}