{"cameraMode":{"drawMode":0,"name":"Shaded","section":"Shading Mode"},"sceneLighting":true,"audioPlay":false,"sceneViewState":{"showFog":true,"showMaterialUpdate":true,"showSkybox":true,"showFlares":true,"showImageEffects":true,"showParticleSystems":true},"in2DMode":false,"pivot":{"x":-0.5699999928474426,"y":0.020000003278255464,"z":0.008000001311302185},"rotation":{"x":-0.0969889834523201,"y":0.1587577760219574,"z":-0.01563967578113079,"w":-0.9824421405792236},"size":0.14202235639095307,"orthographic":false}